feature,importance
player1_rank,0.27220371461999465
player2_rank,0.25919287799153323
player2_seed,0.1435570980371903
player1_seed,0.14259330574580362
player2_age,0.03400792865884457
player1_age,0.03386808205373497
player2_ht,0.029352514598396724
player1_ht,0.028566667071826958
tourney_level,0.02066707507314065
player1_ioc,0.016141155810506683
player2_ioc,0.01602771367417274
surface,0.003821866664854924
