feature,importance
player1_rank,0.27327229317904445
player2_rank,0.26093894913439536
player2_seed,0.14025246417402354
player1_seed,0.12526950084778918
player2_age,0.04095397139548966
player1_age,0.039663491223563274
player1_ht,0.030681044244072128
player2_ht,0.029583345026944614
tourney_level,0.020382257409015298
player1_ioc,0.017955668690436303
player2_ioc,0.01696685817164513
surface,0.004080156503581207
