feature,importance
player2_rank,0.46707811538726396
player1_rank,0.4199665173678771
player1_age,0.03247653986627754
player2_age,0.02950352014599953
player2_ht,0.017637097535648752
player1_ioc,0.00876025472041186
surface,0.005731874890550576
player1_seed,0.0055978352957818615
player2_ioc,0.004675471509991438
player1_ht,0.004380868090977728
player2_seed,0.0023229813309932614
tourney_level,0.0018689238582263556
